rating_column,rmse,mae,precision_at_10,recall_at_10
rating,0.935171451026933,0.7375092386530285,0.6288589159067882,0.28519119758405787
robinson_rating,1.3268192700398673,1.064331070545687,0.5179090678824722,0.33519571938397447
